Week Day,Date In,# 120 ltr Bins,Weight In (kg),Run time (hr),Date Ejected,Weight out (kg),Weight of Oversized (kg),Volume Out (ltr),Volume of Oversized (ltr),Volume In (ltr),Organics Density (kg/120 ltr),Mass Reduction,Volume Reduction,Weekly Weight In (kg),Weight Collected (kg),Est. CO2-e Produced if landfill (ton),Est. Energy Use (kWh),Est. CO2-e Produced by Dehydrator (ton),Total Monthly Weight In (kg),Total Monthly Weight Out (kg)
Friday,01/01/2016 12:00:00 AM,,,,,,,,,,,,,,0,,,,,
Saturday,01/02/2016 12:00:00 AM,,,,,,,,,,,,,,,,,,,
Sunday,01/03/2016 12:00:00 AM,,,,,,,,,,,,,,,,,,,
Monday,01/04/2016 12:00:00 AM,,,,,,,,,,,,,0,,,,,,
Tuesday,01/05/2016 12:00:00 AM,,,,,,,,,,,,,,,,,,,
Wednesday,01/06/2016 12:00:00 AM,,,,,,,,,,,,,,,,,,,
Thursday,01/07/2016 12:00:00 AM,,,,,,,,,,,,,,,,,,,
Friday,01/08/2016 12:00:00 AM,,,,,,,,,,,,,,0,,,,,
Saturday,01/09/2016 12:00:00 AM,,,,,,,,,,,,,,,,,,,
Sunday,01/10/2016 12:00:00 AM,,,,,,,,,,,,,,,,,,,
Monday,01/11/2016 12:00:00 AM,,,,,,,,,,,,,0,,,,,,
Tuesday,01/12/2016 12:00:00 AM,,,,,,,,,,,,,,,,,,,
Wednesday,01/13/2016 12:00:00 AM,,,,,,,,,,,,,,,,,,,
Thursday,01/14/2016 12:00:00 AM,,,,,,,,,,,,,,,,,,,
Friday,01/15/2016 12:00:00 AM,,,,,,,,,,,,,,0,,,,,
Saturday,01/16/2016 12:00:00 AM,,,,,,,,,,,,,,,,,,,
Sunday,01/17/2016 12:00:00 AM,,,,,,,,,,,,,,,,,,,
Monday,01/18/2016 12:00:00 AM,,,,,,,,,,,,,0,,,,,,
Tuesday,01/19/2016 12:00:00 AM,,,,,,,,,,,,,,,,,,,
Wednesday,01/20/2016 12:00:00 AM,8.5,579.7,9.5,21-Jan,215,29.9,370,60,1020,68.2,58,58,,,0.928,405.8,0.548,,
Thursday,01/21/2016 12:00:00 AM,,,,,,,,,,,,,,,,,,,
Friday,01/22/2016 12:00:00 AM,8.5,598.3,9.5,27-Jan,217.7,42.1,390,70,1020,70.39,57,55,,215,0.957,418.8,0.565,,
Saturday,01/23/2016 12:00:00 AM,,,,,,,,,,,,,,,,,,,
Sunday,01/24/2016 12:00:00 AM,,,,,,,,,,,,,,,,,,,
Monday,01/25/2016 12:00:00 AM,,,,,,,,,,,,,1178,,,,,,
Tuesday,01/26/2016 12:00:00 AM,,,,,,,,,,,,,,,,,,,
Wednesday,01/27/2016 12:00:00 AM,8,603,9.5,28-Jan,0,297.1,0,360,960,75.38,51,63,,,0.965,422.1,0.57,,
Thursday,01/28/2016 12:00:00 AM,10,610.6,9.5,30-Jan,182.9,39.1,290,60,1200,61.06,64,71,,,0.977,427.4,0.577,,
Friday,01/29/2016 12:00:00 AM,,,,,,,,,,,,,,217.7,,,,,
Saturday,01/30/2016 12:00:00 AM,10,585.3,9.5,31-Jan,209.5,39.5,300,60,1200,58.53,57,70,,,0.936,409.7,0.553,,
Sunday,01/31/2016 12:00:00 AM,,,,,,,,,,,,,,,,,,2976.9,825.1
Monday,02/01/2016 12:00:00 AM,10,599,9.5,2-Feb,227.7,26.3,408,55,1200,59.9,58,61,1798.9,,0.958,419.3,0.566,,
Tuesday,02/02/2016 12:00:00 AM,8.2,574.1,9.5,3-Feb,198.9,29,340,40,984,70.01,60,61,,,0.919,401.9,0.543,,
Wednesday,02/03/2016 12:00:00 AM,,,,,,,,,,,,,,,,,,,
Thursday,02/04/2016 12:00:00 AM,11,599.7,9.5,6-Feb,0,272.6,0,400,1320,54.52,55,70,,,0.96,419.8,0.567,,
Friday,02/05/2016 12:00:00 AM,,,,,,,,,,,,,,819,,,,,
Saturday,02/06/2016 12:00:00 AM,9,575.5,9.5,7-Feb,214.9,28.2,400,40,1080,63.94,58,59,,,0.921,402.9,0.544,,
Sunday,02/07/2016 12:00:00 AM,,,,,,,,,,,,,,,,,,,
Monday,02/08/2016 12:00:00 AM,10,602.5,9.5,9-Feb,163.6,93.7,240,130,1200,60.25,57,69,2348.3,,0.964,421.8,0.569,,
Tuesday,02/09/2016 12:00:00 AM,10,598.7,10,10-Feb,23.4,240.4,40,390,1200,59.87,56,64,,,0.958,419.1,0.566,,
Wednesday,02/10/2016 12:00:00 AM,10,590.9,10,11-Feb,227.9,17.4,370,30,1200,59.09,58,67,,,0.945,413.6,0.558,,
Thursday,02/11/2016 12:00:00 AM,,,,,,,,,,,,,,,,,,,
Friday,02/12/2016 12:00:00 AM,10,601,10,13-Feb,207.2,68.4,270,30,1200,60.1,54,75,,629.8,0.962,420.7,0.568,,
Saturday,02/13/2016 12:00:00 AM,,,,,,,,,,,,,,,,,,,
Sunday,02/14/2016 12:00:00 AM,9,598.8,10,15-Feb,219.3,42.6,345,90,1080,66.53,56,60,,,0.958,419.2,0.566,,
Monday,02/15/2016 12:00:00 AM,9,591.6,10,16-Feb,190.5,28.6,310,60,1080,65.73,63,66,2991.9,,0.947,414.1,0.559,,
Tuesday,02/16/2016 12:00:00 AM,10,612.1,10,17-Feb,148.6,53.8,260,90,1200,61.21,67,71,,,0.979,428.5,0.578,,
Wednesday,02/17/2016 12:00:00 AM,,,,,,,,,,,,,,,,,,,
Thursday,02/18/2016 12:00:00 AM,12,612.8,10,19-Feb,219.3,54.6,320,100,1440,51.07,55,71,,,0.98,429,0.579,,
Friday,02/19/2016 12:00:00 AM,,,,,,,,,,,,,,765.6,,,,,
Saturday,02/20/2016 12:00:00 AM,8,597.7,10,21-Feb,186.7,93.6,260,100,960,74.71,53,63,,,0.956,418.4,0.565,,
Sunday,02/21/2016 12:00:00 AM,,,,,,,,,,,,,,,,,,,
Monday,02/22/2016 12:00:00 AM,10,593.2,10,23-Feb,196.3,18.4,430,50,1200,59.32,64,60,2414.2,,0.949,415.2,0.561,,
Tuesday,02/23/2016 12:00:00 AM,10,615.9,14,25-Feb,141.6,15.6,220,40,1200,61.59,74,78,,,0.985,431.1,0.582,,
Wednesday,02/24/2016 12:00:00 AM,,,,,,,,,,,,,,,,,,,
Thursday,02/25/2016 12:00:00 AM,10,600.1,10,26-Feb,210.3,23.3,340,30,1200,60.01,61,69,,,0.96,420.1,0.567,,
Friday,02/26/2016 12:00:00 AM,10,619.5,10,28-Feb,221.4,21.6,350,60,1200,61.95,61,66,,743.9,0.991,433.7,0.585,,
Saturday,02/27/2016 12:00:00 AM,,,,,,,,,,,,,,,,,,,
Sunday,02/28/2016 12:00:00 AM,8,575.6,10,29-Feb,169,22.4,300,50,960,71.95,67,64,,,0.921,402.9,0.544,,
Monday,02/29/2016 12:00:00 AM,10,596.4,10,1-Mar,191.7,19.2,330,50,1200,59.64,65,68,3004.3,,0.954,417.5,0.564,11355.1,3358.3
Tuesday,03/01/2016 12:00:00 AM,8.5,562.8,9.5,2-Mar,193.8,20.5,315,50,1020,66.21,62,64,,,0.9,394,0.532,,
Wednesday,03/02/2016 12:00:00 AM,,,,,,,,,,,,,,,,,,,
Thursday,03/03/2016 12:00:00 AM,10,608,11.5,5-Mar,168.2,12.1,290,30,1200,60.8,70,73,,,0.973,425.6,0.575,,
Friday,03/04/2016 12:00:00 AM,,,,,,,,,,,,,,986.2,,,,,
Saturday,03/05/2016 12:00:00 AM,10,607.5,10,6-Mar,209.4,20,300,30,1200,60.75,62,73,,,0.972,425.3,0.574,,
Sunday,03/06/2016 12:00:00 AM,,,,,,,,,,,,,,,,,,,
Monday,03/07/2016 12:00:00 AM,11,627.8,10,8-Mar,232.6,32.2,380,60,1320,57.07,58,67,2374.7,,1.004,439.5,0.593,,
Tuesday,03/08/2016 12:00:00 AM,10.5,597,10,9-Mar,119.7,78.4,180,110,1260,56.86,67,77,,,0.955,417.9,0.564,,
Wednesday,03/09/2016 12:00:00 AM,,,,,,,,,,,,,,,,,,,
Thursday,03/10/2016 12:00:00 AM,9,587.8,12,12-Mar,168.4,27.1,250,30,1080,65.31,67,74,,,0.94,411.5,0.555,,
Friday,03/11/2016 12:00:00 AM,,,,,,,,,,,,,,729.9,,,,,
Saturday,03/12/2016 12:00:00 AM,11,793.4,13,15-Mar,280.7,24.4,480,40,1320,72.13,62,61,,,1.269,555.4,0.75,,
Sunday,03/13/2016 12:00:00 AM,,,,,,,,,,,,,,,,,,,
Monday,03/14/2016 12:00:00 AM,,,,,,,,,,,,,2606,,,,,,
Tuesday,03/15/2016 12:00:00 AM,10,605.5,10,16-Mar,216.6,26.5,340,40,1200,60.55,60,68,,,0.969,423.9,0.572,,
Wednesday,03/16/2016 12:00:00 AM,9,586.4,13,17-Mar,131.5,10.6,190,20,1080,65.16,76,81,,,0.938,410.5,0.554,,
Thursday,03/17/2016 12:00:00 AM,10,618.3,10,18-Mar,209.4,21.1,370,40,1200,61.83,63,66,,,0.989,432.8,0.584,,
Friday,03/18/2016 12:00:00 AM,9,605.1,10,21-Mar,192.3,43.7,340,80,1080,67.23,61,61,,797.2,0.968,423.6,0.572,,
Saturday,03/19/2016 12:00:00 AM,,,,,,,,,,,,,,,,,,,
Sunday,03/20/2016 12:00:00 AM,,,,,,,,,,,,,,,,,,,
Monday,03/21/2016 12:00:00 AM,9,600.4,10,22-Mar,234.9,22.4,430,50,1080,66.71,57,56,2415.3,,0.961,420.3,0.567,,
Tuesday,03/22/2016 12:00:00 AM,8,449.2,10,23-Mar,95.3,17.2,200,40,960,56.15,75,75,,,0.719,314.4,0.424,,
Wednesday,03/23/2016 12:00:00 AM,9,591.1,9.5,24-Mar,209.8,24.9,370,50,1080,65.68,60,61,,,0.946,413.8,0.559,,
Thursday,03/24/2016 12:00:00 AM,,,,,,,,,,,,,,,,,,,
Friday,03/25/2016 12:00:00 AM,9,579.5,12,28-Mar,158.8,13.1,220,35,1080,64.39,70,76,,941.7,0.927,405.7,0.548,,
Saturday,03/26/2016 12:00:00 AM,,,,,,,,,,,,,,,,,,,
Sunday,03/27/2016 12:00:00 AM,,,,,,,,,,,,,,,,,,,
Monday,03/28/2016 12:00:00 AM,10,599,10,29-Mar,202.2,20,470,50,1200,59.9,63,57,2220.2,,0.958,419.3,0.566,,
Tuesday,03/29/2016 12:00:00 AM,11,604.2,10,30-Mar,199.9,38.3,350,80,1320,54.93,61,67,,,0.967,422.9,0.571,,
Wednesday,03/30/2016 12:00:00 AM,10,605,10,1-Apr,214.2,26.3,360,50,1200,60.5,60,66,,,0.968,423.5,0.572,,
Thursday,03/31/2016 12:00:00 AM,10,593.3,10,2-Apr,178.4,32.8,310,70,1200,59.33,64,68,,,0.949,415.3,0.561,11421.3,3616.1
Friday,04/01/2016 12:00:00 AM,,,,,,,,,,,,,,775.1,,,,,
Saturday,04/02/2016 12:00:00 AM,9,592.8,10,3-Apr,210.8,20.6,350,40,1080,65.87,61,64,,,0.948,415,0.56,,
Sunday,04/03/2016 12:00:00 AM,,,,,,,,,,,,,,,,,,,
Monday,04/04/2016 12:00:00 AM,,,,,,,,,,,,,2994.3,,,,,,
Tuesday,04/05/2016 12:00:00 AM,3,145.5,6.5,6-Apr,57.6,4.7,70,10,360,48.5,57,78,,,0.233,101.9,0.137,,
Wednesday,04/06/2016 12:00:00 AM,10,610,12,7-Apr,172.6,18.1,240,30,1200,61,69,78,,,0.976,427,0.576,,
Thursday,04/07/2016 12:00:00 AM,10,604.4,10,8-Apr,228.8,20.5,390,30,1200,60.44,59,65,,,0.967,423.1,0.571,,
Friday,04/08/2016 12:00:00 AM,10,615.3,10,11-Apr,233.7,24.4,380,60,1200,61.53,58,63,,619.4,0.984,430.7,0.581,,
Saturday,04/09/2016 12:00:00 AM,,,,,,,,,,,,,,,,,,,
Sunday,04/10/2016 12:00:00 AM,,,,,,,,,,,,,,,,,,,
Monday,04/11/2016 12:00:00 AM,10.5,602.7,11.5,12-Apr,182.1,11.6,330,30,1260,57.4,68,71,1975.2,,0.964,421.9,0.57,,
Tuesday,04/12/2016 12:00:00 AM,10,604.7,10,13-Apr,212.1,23,360,30,1200,60.47,61,68,,,0.968,423.3,0.571,,
Wednesday,04/13/2016 12:00:00 AM,,,,,,,,,,,,,,,,,,,
Thursday,04/14/2016 12:00:00 AM,9,624,12.5,15-Apr,184.2,12.2,320,20,1080,69.33,69,69,,,0.998,436.8,0.59,,
Friday,04/15/2016 12:00:00 AM,10.5,604.7,10,16-Apr,277.1,19.6,370,40,1260,57.59,51,67,,856.7,0.968,423.3,0.571,,
Saturday,04/16/2016 12:00:00 AM,,,,,,,,,,,,,,,,,,,
Sunday,04/17/2016 12:00:00 AM,,,,,,,,,,,,,,,,,,,
Monday,04/18/2016 12:00:00 AM,10,604.4,10,19-Apr,212.6,50,320,80,1200,60.44,57,67,2436.1,,0.967,423.1,0.571,,
Tuesday,04/19/2016 12:00:00 AM,10,618.2,11.5,20-Apr,163.5,16.7,300,40,1200,61.82,71,72,,,0.989,432.7,0.584,,
Wednesday,04/20/2016 12:00:00 AM,9,607.7,10,22-Apr,201.4,24,330,30,1080,67.52,63,67,,,0.972,425.4,0.574,,
Thursday,04/21/2016 12:00:00 AM,,,,,,,,,,,,,,,,,,,
Friday,04/22/2016 12:00:00 AM,9,606.2,10,23-Apr,215.3,48,340,36,1080,67.36,57,65,,1038.8,0.97,424.3,0.573,,
Saturday,04/23/2016 12:00:00 AM,,,,,,,,,,,,,,,,,,,
Sunday,04/24/2016 12:00:00 AM,10,604,10,26-Apr,231,62.7,340,40,1200,60.4,51,68,,,0.966,422.8,0.571,,
Monday,04/25/2016 12:00:00 AM,,,,,,,,,,,,,3040.5,,,,,,
Tuesday,04/26/2016 12:00:00 AM,10,605.5,15.5,28-Apr,147.9,30.7,240,40,1200,60.55,71,77,,,0.969,423.9,0.572,,
Wednesday,04/27/2016 12:00:00 AM,,,,,,,,,,,,,,,,,,,
Thursday,04/28/2016 12:00:00 AM,10,617.1,10,29-Apr,206.8,54.8,360,60,1200,61.71,58,65,,,0.987,432,0.583,,
Saturday,04/30/2016 12:00:00 AM,,,,,,,,,,,,,,,,,,9885.2,3137.5
Sunday,05/01/2016 12:00:00 AM,,,,,,,,,,,,,,,,,,,
Monday,05/02/2016 12:00:00 AM,9,580.1,10,3-May,137.8,12.4,230,20,1080,64.46,74,77,1840.6,,0.928,406.1,0.548,,
Tuesday,05/03/2016 12:00:00 AM,9,608.2,12,5-May,165.9,35.3,240,50,1080,67.58,67,73,,,0.973,425.7,0.575,,
Wednesday,05/04/2016 12:00:00 AM,,,,,,,,,,,,,,,,,,,
Thursday,05/05/2016 12:00:00 AM,8,587.7,10,6-May,170,21.6,370,70,960,73.46,67,54,,,0.94,411.4,0.555,,
Friday,05/06/2016 12:00:00 AM,10,605.9,10,7-May,231.7,30,370,50,1200,60.59,57,65,,510.5,0.969,424.1,0.573,,
Saturday,05/07/2016 12:00:00 AM,10,606.2,11,8-May,218.2,31,220,45,1200,60.62,59,78,,,0.97,424.3,0.573,,
Sunday,05/08/2016 12:00:00 AM,,,,,,,,,,,,,,,,,,,
Monday,05/09/2016 12:00:00 AM,10,598.1,12,11-May,190.9,38.3,340,70,1200,59.81,62,66,2988.1,,0.957,418.7,0.565,,
Tuesday,05/10/2016 12:00:00 AM,,,,,,,,,,,,,,,,,,,
Wednesday,05/11/2016 12:00:00 AM,,,,,,,,,,,,,,,,,,,
Thursday,05/12/2016 12:00:00 AM,10,613.3,11,13-May,176.7,19.6,320,40,1200,61.33,68,70,,,0.981,429.3,0.58,,
Friday,05/13/2016 12:00:00 AM,10,611.9,12,15-May,205.9,21.8,300,40,1200,61.19,63,72,,810.8,0.979,428.3,0.578,,
Saturday,05/14/2016 12:00:00 AM,,,,,,,,,,,,,,,,,,,
Sunday,05/15/2016 12:00:00 AM,10,626.2,11,17-May,189.4,37.5,350,30,1200,62.62,64,68,,,1.002,438.3,0.592,,
Monday,05/16/2016 12:00:00 AM,,,,,,,,,,,,,2449.5,,,,,,
Tuesday,05/17/2016 12:00:00 AM,10,590,11,18-May,171.8,19.8,330,40,1200,59,68,69,,,0.944,413,0.558,,
Wednesday,05/18/2016 12:00:00 AM,10,573.9,11,19-May,152,19,270,80,1200,57.39,70,71,,,0.918,401.7,0.542,,
Thursday,05/19/2016 12:00:00 AM,,,,,,,,,,,,,,,,,,,
Friday,05/20/2016 12:00:00 AM,10,604.7,11,21-May,240.2,31.5,360,80,1200,60.47,55,63,,895.8,0.968,423.3,0.571,,
Saturday,05/21/2016 12:00:00 AM,10,600.6,11,22-May,161.1,44.1,220,60,1200,60.06,66,77,,,0.961,420.4,0.568,,
Sunday,05/22/2016 12:00:00 AM,8,610.8,11,24-May,190.8,55,300,70,960,76.35,60,61,,,0.977,427.6,0.577,,
Monday,05/23/2016 12:00:00 AM,,,,,,,,,,,,,2980,,,,,,
Tuesday,05/24/2016 12:00:00 AM,10,595.4,11,25-May,141.7,29.4,360,80,1200,59.54,71,63,,,0.953,416.8,0.563,,
Wednesday,05/25/2016 12:00:00 AM,11,618.7,10.5,27-May,196,27,380,40,1320,56.25,64,68,,,0.99,433.1,0.585,,
Thursday,05/26/2016 12:00:00 AM,,,,,,,,,,,,,,,,,,,
Friday,05/27/2016 12:00:00 AM,10,583,10.5,28-May,208.6,26.8,280,30,1200,58.3,60,74,,929.8,0.933,408.1,0.551,,
Saturday,05/28/2016 12:00:00 AM,10,594.8,10.5,30-May,100.1,66.7,290,50,1200,59.48,72,72,,,0.952,416.4,0.562,,
Sunday,05/29/2016 12:00:00 AM,,,,,,,,,,,,,,,,,,,
Monday,05/30/2016 12:00:00 AM,11,593.7,10.5,1-Jun,193.7,23.9,350,20,1320,53.97,63,72,2391.9,,0.95,415.6,0.561,,
Tuesday,05/31/2016 12:00:00 AM,,,,,,,,,,,,,,,,,,11403.2,3442.5
Wednesday,06/01/2016 12:00:00 AM,9,596.9,10.5,2-Jun,170.1,55.7,250,110,1080,66.32,62,67,,,0.955,417.8,0.564,,
Thursday,06/02/2016 12:00:00 AM,,,,,,,,,,,,,,,,,,,
Friday,06/03/2016 12:00:00 AM,9,518.5,10,4-Jun,148,21.7,290,90,1080,57.61,67,65,,672.5,0.83,363,0.49,,
Saturday,06/04/2016 12:00:00 AM,,,,,,,,,,,,,,,,,,,
Sunday,06/05/2016 12:00:00 AM,9,597.2,11,7-Jun,164.5,13.7,240,20,1080,66.36,70,76,,,0.956,418,0.564,,
Monday,06/06/2016 12:00:00 AM,,,,,,,,,,,,,2306.3,,,,,,
Tuesday,06/07/2016 12:00:00 AM,10,601.4,11,8-Jun,194.5,47.6,280,60,1200,60.14,60,72,,,0.962,421,0.568,,
Wednesday,06/08/2016 12:00:00 AM,9,593.3,10.5,9-Jun,186.8,27.8,360,50,1080,65.92,64,62,,,0.949,415.3,0.561,,
Thursday,06/09/2016 12:00:00 AM,10,589.8,10.5,10-Jun,208.4,24.9,340,50,1200,58.98,60,68,,,0.944,412.9,0.557,,
Friday,06/10/2016 12:00:00 AM,,,,,,,,,,,,,,693.8,,,,,
Saturday,06/11/2016 12:00:00 AM,9,615.3,10.5,12-Jun,225.5,21,370,60,1080,68.37,60,60,,,0.984,430.7,0.581,,
Sunday,06/12/2016 12:00:00 AM,10,618.3,10.5,14-Jun,235.5,27.5,360,120,1200,61.83,57,60,,,0.989,432.8,0.584,,
Monday,06/13/2016 12:00:00 AM,,,,,,,,,,,,,3018.1,,,,,,
Tuesday,06/14/2016 12:00:00 AM,11,625,10.5,15-Jun,220.1,18.9,390,40,1320,56.82,62,67,,,1,437.5,0.591,,
Wednesday,06/15/2016 12:00:00 AM,11,610.5,10.5,16-Jun,184.4,52.9,320,80,1320,55.5,61,70,,,0.977,427.4,0.577,,
Thursday,06/16/2016 12:00:00 AM,9,605.1,10.5,18-Jun,209.8,30,310,60,1080,67.23,60,66,,,0.968,423.6,0.572,,
Friday,06/17/2016 12:00:00 AM,11,611.6,10.5,20-Jun,197.3,14.3,340,10,1320,55.6,65,73,,1073.9,0.979,428.1,0.578,,
Saturday,06/18/2016 12:00:00 AM,,,,,,,,,,,,,,,,,,,
Sunday,06/19/2016 12:00:00 AM,,,,,,,,,,,,,,,,,,,
Monday,06/20/2016 12:00:00 AM,10,609.1,10.5,21-Jun,199.9,30.4,300,20,1200,60.91,62,73,2452.2,,0.975,426.4,0.576,,
Tuesday,06/21/2016 12:00:00 AM,10,618.5,10.5,22-Jun,179.9,19.9,310,20,1200,61.85,68,73,,,0.99,433,0.584,,
Wednesday,06/22/2016 12:00:00 AM,,,,,,,,,,,,,,,,,,,
Thursday,06/23/2016 12:00:00 AM,11,625.9,10.5,25-Jun,203.6,23.4,320,60,1320,56.9,64,71,,,1.001,438.1,0.591,,
Friday,06/24/2016 12:00:00 AM,,,,,,,,,,,,,,786.9,,,,,
Saturday,06/25/2016 12:00:00 AM,10,617,10.5,26-Jun,242.5,80.4,390,60,1200,61.7,48,63,,,0.987,431.9,0.583,,
Sunday,06/26/2016 12:00:00 AM,11,629,10.5,27-Jun,229.6,28.8,390,60,1320,57.18,59,66,,,1.006,440.3,0.594,,
Monday,06/27/2016 12:00:00 AM,,,,,,,,,,,,,3099.5,,,,,,
Tuesday,06/28/2016 12:00:00 AM,10,575.8,10.5,29-Jun,189.7,24.7,400,30,1200,57.58,63,64,,,0.921,403.1,0.544,,
Wednesday,06/29/2016 12:00:00 AM,9,584.4,10.5,30-Jun,154.8,23.1,260,70,1080,64.93,70,69,,,0.935,409.1,0.552,,
Thursday,06/30/2016 12:00:00 AM,10,613.9,10.5,2-Jul,235.6,18.3,450,50,1200,61.39,59,58,,,0.982,429.7,0.58,12056.5,3980.5
Friday,07/01/2016 12:00:00 AM,,,,,,,,,,,,,,1020.2,,,,,
Saturday,07/02/2016 12:00:00 AM,10,604.9,10.5,3-Jul,222.5,14.7,320,50,1200,60.49,61,69,,,0.968,423.4,0.572,,
Sunday,07/03/2016 12:00:00 AM,10,581.4,10.5,4-Jul,200.2,17.3,420,40,1200,58.14,63,62,,,0.93,407,0.549,,
Monday,07/04/2016 12:00:00 AM,,,,,,,,,,,,,2960.4,,,,,,
Tuesday,07/05/2016 12:00:00 AM,10,600.7,10.5,6-Jul,194.9,18,370,30,1200,60.07,65,67,,,0.961,420.5,0.568,,
Wednesday,07/06/2016 12:00:00 AM,10,601.8,10.5,8-Jul,202.1,20.2,360,50,1200,60.18,63,66,,,0.963,421.3,0.569,,
Thursday,07/07/2016 12:00:00 AM,,,,,,,,,,,,,,,,,,,
Friday,07/08/2016 12:00:00 AM,9,597.5,10.5,9-Jul,216.7,31.2,320,60,1080,66.39,59,65,,1055.3,0.956,418.3,0.565,,
Saturday,07/09/2016 12:00:00 AM,9,559,10.5,10-Jul,231.7,24,380,50,1080,62.11,54,60,,,0.894,391.3,0.528,,
Sunday,07/10/2016 12:00:00 AM,,,,,,,,,,,,,,,,,,,
Monday,07/11/2016 12:00:00 AM,11,596.2,10.5,12-Jul,219.1,22.1,440,40,1320,54.2,60,64,2359,,0.954,417.3,0.563,,
Tuesday,07/12/2016 12:00:00 AM,9,582,10.5,13-Jul,194.9,18.4,380,50,1080,64.67,63,60,,,0.931,407.4,0.55,,
Wednesday,07/13/2016 12:00:00 AM,11,592.2,10.5,14-Jul,190.6,40.7,400,90,1320,53.84,61,63,,,0.948,414.5,0.56,,
Thursday,07/14/2016 12:00:00 AM,,,,,,,,,,,,,,,,,,,
Friday,07/15/2016 12:00:00 AM,10,609.1,10.5,16-Jul,209.4,51.6,340,80,1200,60.91,57,65,,1053,0.975,426.4,0.576,,
Saturday,07/16/2016 12:00:00 AM,11,600.1,10.5,18-Jul,183.3,24.2,340,20,1320,54.55,65,73,,,0.96,420.1,0.567,,
Sunday,07/17/2016 12:00:00 AM,,,,,,,,,,,,,,,,,,,
Monday,07/18/2016 12:00:00 AM,10,604.4,10.5,20-Jul,200.8,95.2,340,30,1200,60.44,51,69,2979.6,,0.967,423.1,0.571,,
Tuesday,07/19/2016 12:00:00 AM,,,,,,,,,,,,,,,,,,,
Wednesday,07/20/2016 12:00:00 AM,8,597.8,10.5,22-Jul,169.9,21.8,340,50,960,74.73,68,59,,,0.956,418.5,0.565,,
Thursday,07/21/2016 12:00:00 AM,,,,,,,,,,,,,,,,,,,
Friday,07/22/2016 12:00:00 AM,9,610.9,11,23-Jul,185.7,22,330,20,1080,67.88,66,68,,763.4,0.977,427.6,0.577,,
Saturday,07/23/2016 12:00:00 AM,9,590.4,11,24-Jul,206.7,23.8,400,50,1080,65.6,61,58,,,0.945,413.3,0.558,,
Sunday,07/24/2016 12:00:00 AM,9,609.8,11,25-Jul,140.2,19.1,245,20,1080,67.76,74,75,,,0.976,426.9,0.576,,
Monday,07/25/2016 12:00:00 AM,,,,,,,,,,,,,3013.3,,,,,,
Tuesday,07/26/2016 12:00:00 AM,,,,,,,,,,,,,,,,,,,
Wednesday,07/27/2016 12:00:00 AM,10,611.9,10.5,28-Jul,202.5,27.3,380,70,1200,61.19,62,63,,,0.979,428.3,0.578,,
Thursday,07/28/2016 12:00:00 AM,9,591.4,10.5,29-Jul,218.8,28.6,270,50,1080,65.71,58,70,,,0.946,414,0.559,,
Friday,07/29/2016 12:00:00 AM,9,609.5,10.5,30-Jul,219.2,24.8,420,40,1080,67.72,60,57,,735.1,0.975,426.7,0.576,,
Saturday,07/30/2016 12:00:00 AM,10,601.4,10.5,31-Jul,174.7,38.6,240,60,1200,60.14,65,75,,,0.962,421,0.568,,
Sunday,07/31/2016 12:00:00 AM,9,594.6,10.5,2-Aug,220.5,23.4,420,20,1080,66.07,59,59,,,0.951,416.2,0.562,12547,4204.4
Monday,08/01/2016 12:00:00 AM,,,,,,,,,,,,,3008.8,,,,,,
Tuesday,08/02/2016 12:00:00 AM,9,584.3,10.5,4-Aug,215.3,23.8,330,60,1080,64.92,59,64,,,0.935,409,0.552,,
Wednesday,08/03/2016 12:00:00 AM,,,,,,,,,,,,,,,,,,,
Thursday,08/04/2016 12:00:00 AM,11,579.5,10.5,5-Aug,190,21.3,350,40,1320,52.68,64,70,,,0.927,405.7,0.548,,
Friday,08/05/2016 12:00:00 AM,9,587.8,11,6-Aug,211.7,22,350,40,1080,65.31,60,64,,1048.5,0.94,411.5,0.555,,
Saturday,08/06/2016 12:00:00 AM,,,,,,,,,,,,,,,,,,,
Sunday,08/07/2016 12:00:00 AM,10,585,10.5,8-Aug,209.7,36.2,340,40,1200,58.5,58,68,,,0.936,409.5,0.553,,
Monday,08/08/2016 12:00:00 AM,11,584.7,10.5,9-Aug,206.1,23.8,440,60,1320,53.15,61,62,2336.6,,0.936,409.3,0.553,,
Tuesday,08/09/2016 12:00:00 AM,8,614.2,11,11-Aug,205,24.2,300,20,960,76.78,63,67,,,0.983,429.9,0.58,,
Wednesday,08/10/2016 12:00:00 AM,,,,,,,,,,,,,,,,,,,
Thursday,08/11/2016 12:00:00 AM,10,606.1,10.5,14-Aug,216.8,40.7,360,60,1200,60.61,58,65,,,0.97,424.3,0.573,,
Friday,08/12/2016 12:00:00 AM,,,,,,,,,,,,,,1022.5,,,,,
Saturday,08/13/2016 12:00:00 AM,,,,,,,,,,,,,,,,,,,
Monday,08/15/2016 12:00:00 AM,,,,,,,,,,,,,2409.5,,,,,,
Tuesday,08/16/2016 12:00:00 AM,,,,,,,,,,,,,,,,,,,
Wednesday,08/17/2016 12:00:00 AM,10,606.6,10,18-Aug,255.5,23.5,460,60,1200,60.66,54,57,,,0.971,424.6,0.573,,
Thursday,08/18/2016 12:00:00 AM,9,598,10,19-Aug,161.1,11.3,290,30,1080,66.44,71,70,,,0.957,418.6,0.565,,
Friday,08/19/2016 12:00:00 AM,10,600.5,10.5,20-Aug,189.9,29.6,310,60,1200,60.05,63,69,,472.3,0.961,420.4,0.567,,
Saturday,08/20/2016 12:00:00 AM,9,604.5,10.5,21-Aug,204.9,46.5,450,50,1080,67.17,58,54,,,0.967,423.2,0.571,,
Sunday,08/21/2016 12:00:00 AM,,,,,,,,,,,,,,,,,,,
Monday,08/22/2016 12:00:00 AM,11,602.6,11,23-Aug,232.7,43.2,420,70,1320,54.78,54,63,2409.6,,0.964,421.8,0.569,,
Tuesday,08/23/2016 12:00:00 AM,10,617.5,13,25-Aug,147.1,29.3,340,30,1200,61.75,71,69,,,0.988,432.3,0.584,,
Wednesday,08/24/2016 12:00:00 AM,,,,,,,,,,,,,,,,,,,
Thursday,08/25/2016 12:00:00 AM,10,581.3,10.5,26-Aug,220.9,15.6,430,30,1200,58.13,59,62,,,0.93,406.9,0.549,,
Friday,08/26/2016 12:00:00 AM,9,590.2,10.5,27-Aug,153.9,61.2,220,100,1080,65.58,64,70,,935.7,0.944,413.1,0.558,,
Saturday,08/27/2016 12:00:00 AM,,,,,,,,,,,,,,,,,,,
Sunday,08/28/2016 12:00:00 AM,8,579,10.5,29-Aug,207.7,22,325,50,960,72.38,60,61,,,0.926,405.3,0.547,,
Monday,08/29/2016 12:00:00 AM,11,586.3,10.5,30-Aug,212.3,19.7,330,40,1320,53.3,60,72,2970.6,,0.938,410.4,0.554,,
Tuesday,08/30/2016 12:00:00 AM,10,606.1,10.5,31-Aug,200.8,20.7,320,40,1200,60.61,63,70,,,0.97,424.3,0.573,,
Wednesday,08/31/2016 12:00:00 AM,11,618.1,11,1-Sep,171.5,55.4,260,90,1320,56.19,63,73,,,0.989,432.7,0.584,11936.8,3812.9
Thursday,09/01/2016 12:00:00 AM,,,,,,,,,,,,,,,,,,,
Friday,09/02/2016 12:00:00 AM,10,587.4,10.5,3-Sep,171.5,82.5,360,110,1200,58.74,57,61,,1167.1,0.94,411.2,0.555,,
Saturday,09/03/2016 12:00:00 AM,,,,,,,,,,,,,,,,,,,
Sunday,09/04/2016 12:00:00 AM,10,589.7,10.5,5-Sep,231.3,26,430,30,1200,58.97,56,62,,,0.944,412.8,0.557,,
Monday,09/05/2016 12:00:00 AM,10,584.3,11,6-Sep,181.1,43.5,280,60,1200,58.43,62,72,2987.6,,0.935,409,0.552,,
Tuesday,09/06/2016 12:00:00 AM,,,,,,,,,,,,,,,,,,,
Wednesday,09/07/2016 12:00:00 AM,11,607.4,10.5,8-Sep,215.6,26.2,360,30,1320,55.22,60,70,,,0.972,425.2,0.574,,
Thursday,09/08/2016 12:00:00 AM,,,,,,,,,,,,,,,,,,,
Friday,09/09/2016 12:00:00 AM,10,595.4,11,10-Sep,141,20.3,420,60,1200,59.54,73,60,,799.5,0.953,416.8,0.563,,
Saturday,09/10/2016 12:00:00 AM,,,,,,,,,,,,,,,,,,,
Sunday,09/11/2016 12:00:00 AM,9,595.1,10.5,12-Sep,234.8,22.8,360,35,1080,66.12,57,63,,,0.952,416.6,0.562,,
Monday,09/12/2016 12:00:00 AM,11,614,10.5,13-Sep,215.2,22,400,50,1320,55.82,61,66,2382.2,,0.982,429.8,0.58,,
Tuesday,09/13/2016 12:00:00 AM,9,588.4,10.5,14-Sep,167.3,57.3,290,50,1080,65.38,62,69,,,0.941,411.9,0.556,,
Wednesday,09/14/2016 12:00:00 AM,,,,,,,,,,,,,,,,,,,
Thursday,09/15/2016 12:00:00 AM,10,585.5,11,16-Sep,191.3,38.9,290,70,1200,58.55,61,70,,,0.937,409.9,0.553,,
Friday,09/16/2016 12:00:00 AM,10,594.3,10.5,17-Sep,196.3,24.5,300,50,1200,59.43,63,71,,758.3,0.951,416,0.562,,
Saturday,09/17/2016 12:00:00 AM,,,,,,,,,,,,,,,,,,,
Sunday,09/18/2016 12:00:00 AM,11,595,11,19-Sep,227,24.2,330,50,1320,54.09,58,71,,,0.952,416.5,0.562,,
Monday,09/19/2016 12:00:00 AM,,,,,,,,,,,,,2977.2,,,,,,
Tuesday,09/20/2016 12:00:00 AM,11,596.9,10.5,21-Sep,218.7,26.7,340,40,1320,54.26,59,71,,,0.955,417.8,0.564,,
Wednesday,09/21/2016 12:00:00 AM,10,612.1,10.5,22-Sep,243,16.3,430,30,1200,61.21,58,62,,,0.979,428.5,0.578,,
Thursday,09/22/2016 12:00:00 AM,10,597.9,10.5,23-Sep,220,40,380,50,1200,59.79,57,64,,,0.957,418.5,0.565,,
Friday,09/23/2016 12:00:00 AM,,,,,,,,,,,,,,1076.3,,,,,
Saturday,09/24/2016 12:00:00 AM,10,587.1,11,25-Sep,224.6,15.1,430,20,1200,58.71,59,63,,,0.939,411,0.555,,
Sunday,09/25/2016 12:00:00 AM,,,,,,,,,,,,,,,,,,,
Monday,09/26/2016 12:00:00 AM,10,586.9,11,28-Sep,157.1,47.5,260,170,1200,58.69,65,64,2394,,0.939,410.8,0.555,,
Tuesday,09/27/2016 12:00:00 AM,,,,,,,,,,,,,,,,,,,
Wednesday,09/28/2016 12:00:00 AM,9,608.2,11,29-Sep,201.3,31.9,340,40,1080,67.58,62,65,,,0.973,425.7,0.575,,
Thursday,09/29/2016 12:00:00 AM,9,584.1,11,1-Oct,193.6,12.6,340,30,1080,64.9,65,66,,,0.935,408.9,0.552,,
Friday,09/30/2016 12:00:00 AM,,,,,,,,,,,,,,803,,,,10709.7,3630.7
Saturday,10/01/2016 12:00:00 AM,10,589.1,11,2-Oct,204.1,29.1,320,30,1200,58.91,60,71,,,0.943,412.4,0.557,,
Sunday,10/02/2016 12:00:00 AM,,,,,,,,,,,,,,,,,,,
Monday,10/03/2016 12:00:00 AM,10,592.6,11,4-Oct,308.9,11.3,480,60,1200,59.26,46,55,2368.3,,0.948,414.8,0.56,,
Tuesday,10/04/2016 12:00:00 AM,8,586.9,11,5-Oct,169.9,46.5,260,60,960,73.36,63,67,,,0.939,410.8,0.555,,
Wednesday,10/05/2016 12:00:00 AM,10,591,11,6-Oct,194.7,21.3,320,40,1200,59.1,63,70,,,0.946,413.7,0.558,,
Thursday,10/06/2016 12:00:00 AM,,,,,,,,,,,,,,,,,,,
Friday,10/07/2016 12:00:00 AM,11,606.1,11,8-Oct,207,28.9,270,30,1320,55.1,61,77,,1071.2,0.97,424.3,0.573,,
Saturday,10/08/2016 12:00:00 AM,,,,,,,,,,,,,,,,,,,
Sunday,10/09/2016 12:00:00 AM,10,589.3,10.5,10-Oct,206,21.3,360,30,1200,58.93,61,68,,,0.943,412.5,0.557,,
Monday,10/10/2016 12:00:00 AM,10,589.9,11,12-Oct,158.6,48.6,240,70,1200,58.99,65,74,2965.9,,0.944,412.9,0.557,,
Tuesday,10/11/2016 12:00:00 AM,,,,,,,,,,,,,,,,,,,
Wednesday,10/12/2016 12:00:00 AM,9,589.3,11,13-Oct,289.9,27.3,430,30,1080,65.48,46,57,,,0.943,412.5,0.557,,
Thursday,10/13/2016 12:00:00 AM,10,592.5,11,14-Oct,179.8,24.7,300,60,1200,59.25,65,70,,,0.948,414.8,0.56,,
Friday,10/14/2016 12:00:00 AM,10,570,11,15-Oct,206.1,26.5,300,40,1200,57,59,72,,861.5,0.912,399,0.539,,
Saturday,10/15/2016 12:00:00 AM,,,,,,,,,,,,,,,,,,,
Sunday,10/16/2016 12:00:00 AM,10,595,11,17-Oct,223.2,28.6,370,50,1200,59.5,58,65,,,0.952,416.5,0.562,,
Monday,10/17/2016 12:00:00 AM,,,,,,,,,,,,,2936.7,,,,,,
Tuesday,10/18/2016 12:00:00 AM,9,584.4,11,19-Oct,170.4,33.9,320,50,1080,64.93,65,66,,,0.935,409.1,0.552,,
Wednesday,10/19/2016 12:00:00 AM,10,570.6,11,20-Oct,178.7,22.3,340,30,1200,57.06,65,69,,,0.913,399.4,0.539,,
Thursday,10/20/2016 12:00:00 AM,,,,,,,,,,,,,,,,,,,
Friday,10/21/2016 12:00:00 AM,9,593.8,11,22-Oct,238.3,24.6,360,30,1080,65.98,56,64,,958.2,0.95,415.7,0.561,,
Saturday,10/22/2016 12:00:00 AM,10,609,11,24-Oct,203.5,25,340,40,1200,60.9,62,68,,,0.974,426.3,0.576,,
Sunday,10/23/2016 12:00:00 AM,,,,,,,,,,,,,,,,,,,
Monday,10/24/2016 12:00:00 AM,11,602.4,11,25-Oct,217.8,42.2,350,50,1320,54.76,57,70,2357.8,,0.964,421.7,0.569,,
Tuesday,10/25/2016 12:00:00 AM,,,,,,,,,,,,,,,,,,,
Wednesday,10/26/2016 12:00:00 AM,10,609.9,11,27-Oct,159.8,52.1,280,90,1200,60.99,65,69,,,0.976,426.9,0.576,,
Thursday,10/27/2016 12:00:00 AM,9,587.3,11,28-Oct,197.4,19.7,420,100,1080,65.26,63,52,,,0.94,411.1,0.555,,
Friday,10/28/2016 12:00:00 AM,9,598.3,11,31-Oct,213.7,43.2,270,50,1080,66.48,57,70,,819.4,0.957,418.8,0.565,,
Saturday,10/29/2016 12:00:00 AM,,,,,,,,,,,,,,,,,,,
Sunday,10/30/2016 12:00:00 AM,,,,,,,,,,,,,,,,,,,
Monday,10/31/2016 12:00:00 AM,10,604.3,11,2-Nov,227,31.5,390,40,1200,60.43,57,64,2397.9,,0.967,423,0.571,11851.7,4154.8
Tuesday,11/01/2016 12:00:00 AM,,,,,,,,,,,,,,,,,,,
Wednesday,11/02/2016 12:00:00 AM,10,584.4,11,3-Nov,219.5,17.9,420,50,1200,58.44,59,61,,,0.935,409.1,0.552,,
Thursday,11/03/2016 12:00:00 AM,10,597,11,4-Nov,177.2,40.2,320,50,1200,59.7,64,69,,,0.955,417.9,0.564,,
Friday,11/04/2016 12:00:00 AM,9,591.1,11,6-Nov,221.8,27.8,360,40,1080,65.68,58,63,,857.6,0.946,413.8,0.559,,
Saturday,11/05/2016 12:00:00 AM,,,,,,,,,,,,,,,,,,,
Sunday,11/06/2016 12:00:00 AM,,,,,,,,,,,,,,,,,,,
Monday,11/07/2016 12:00:00 AM,9,576.8,11,8-Nov,165.1,89.8,240,120,1080,64.09,56,67,2376.8,,0.923,403.8,0.545,,
Tuesday,11/08/2016 12:00:00 AM,9,572.1,11,9-Nov,177.3,19,320,60,1080,63.57,66,65,,,0.915,400.5,0.541,,
Wednesday,11/09/2016 12:00:00 AM,11,609,11,10-Nov,205.2,20.6,400,30,1320,55.36,63,67,,,0.974,426.3,0.576,,
Thursday,11/10/2016 12:00:00 AM,10,592.9,11,11-Nov,196.5,24.9,360,40,1200,59.29,63,67,,,0.949,415,0.56,,
Friday,11/11/2016 12:00:00 AM,,,,,,,,,,,,,,946.6,,,,,
Saturday,11/12/2016 12:00:00 AM,10,583.5,11,13-Nov,211.3,23.1,280,30,1200,58.35,60,74,,,0.934,408.5,0.551,,
Sunday,11/13/2016 12:00:00 AM,,,,,,,,,,,,,,,,,,,
Monday,11/14/2016 12:00:00 AM,10,600.7,11,15-Nov,227.3,23,410,70,1200,60.07,58,60,2934.3,,0.961,420.5,0.568,,
Tuesday,11/15/2016 12:00:00 AM,,,,,,,,,,,,,,,,,,,
Wednesday,11/16/2016 12:00:00 AM,9,566.3,11,17-Nov,151.1,23.4,260,20,1080,62.92,69,74,,,0.906,396.4,0.535,,
Thursday,11/17/2016 12:00:00 AM,9,590.4,11,18-Nov,213.2,11.2,420,70,1080,65.6,62,55,,,0.945,413.3,0.558,,
Friday,11/18/2016 12:00:00 AM,9,574.2,11,20-Nov,212.3,38,320,50,1080,63.8,56,66,,786.2,0.919,401.9,0.543,,
Saturday,11/19/2016 12:00:00 AM,,,,,,,,,,,,,,,,,,,
Monday,11/21/2016 12:00:00 AM,,,,,,,,,,,,,2940.9,,,,,,
Tuesday,11/22/2016 12:00:00 AM,10,577.3,11,24-Nov,184.4,21.9,320,20,1200,57.73,64,72,,,0.924,404.1,0.546,,
Wednesday,11/23/2016 12:00:00 AM,,,,,,,,,,,,,,,,,,,
Thursday,11/24/2016 12:00:00 AM,10,586.9,11,25-Nov,198.9,50.9,360,30,1200,58.69,57,68,,,0.939,410.8,0.555,,
Friday,11/25/2016 12:00:00 AM,11,602.1,11,26-Nov,210.6,33.7,420,50,1320,54.74,59,64,,823.7,0.963,421.5,0.569,,
Saturday,11/26/2016 12:00:00 AM,,,,,,,,,,,,,,,,,,,
Sunday,11/27/2016 12:00:00 AM,8,595.4,11,28-Nov,168,76.7,240,120,960,74.43,59,63,,,0.953,416.8,0.563,,
Monday,11/28/2016 12:00:00 AM,11,611,10.5,30-Nov,210.9,31.6,360,40,1320,55.55,60,70,2361.7,,0.978,427.7,0.577,,
Tuesday,11/29/2016 12:00:00 AM,,,,,,,,,,,,,,,,,,,
Wednesday,11/30/2016 12:00:00 AM,9,628.2,10.5,1-Dec,186.5,39.5,340,50,1080,69.8,64,64,,,1.005,439.7,0.594,11248.6,3750.9
Thursday,12/01/2016 12:00:00 AM,,,,,,,,,,,,,,,,,,,
Friday,12/02/2016 12:00:00 AM,10,598.5,10.5,3-Dec,240.4,21.1,450,40,1200,59.85,56,59,,974.9,0.958,419,0.566,,
Saturday,12/03/2016 12:00:00 AM,9,594.4,10.5,5-Dec,193,52,100,15,1080,66.04,59,89,,,0.951,416.1,0.562,,
Sunday,12/04/2016 12:00:00 AM,,,,,,,,,,,,,,,,,,,
Monday,12/05/2016 12:00:00 AM,9,601.6,11,6-Dec,189.6,24.9,320,50,1080,66.84,64,66,2432.1,,0.963,421.1,0.569,,
Tuesday,12/06/2016 12:00:00 AM,10,607.3,11,7-Dec,187.9,19.3,360,30,1200,60.73,66,68,,,0.972,425.1,0.574,,
Wednesday,12/07/2016 12:00:00 AM,9,591,11,8-Dec,179.8,40,290,30,1080,65.67,63,70,,,0.946,413.7,0.558,,
Thursday,12/08/2016 12:00:00 AM,9,586.7,11,10-Dec,206.8,20.3,420,60,1080,65.19,61,56,,,0.939,410.7,0.554,,
Friday,12/09/2016 12:00:00 AM,,,,,,,,,,,,,,990.7,,,,,
Saturday,12/10/2016 12:00:00 AM,,,,,,,,,,,,,,,,,,,
Sunday,12/11/2016 12:00:00 AM,9,611.1,11,12-Dec,187.3,79.3,280,110,1080,67.9,56,64,,,0.978,427.8,0.577,,
Monday,12/12/2016 12:00:00 AM,11,595.3,11,14-Dec,197.3,20.1,380,40,1320,54.12,63,68,2997.7,,0.952,416.7,0.563,,
Tuesday,12/13/2016 12:00:00 AM,,,,,,,,,,,,,,,,,,,
Wednesday,12/14/2016 12:00:00 AM,8,582,11,15-Dec,242.3,10,460,40,960,72.75,57,48,,,0.931,407.4,0.55,,
Thursday,12/15/2016 12:00:00 AM,,,,,,,,,,,,,,,,,,,
Friday,12/16/2016 12:00:00 AM,,,,,,,,,,,,,,833.7,,,,,
Saturday,12/17/2016 12:00:00 AM,9,599,11,19-Dec,247.8,19.7,470,40,1080,66.56,55,53,,,0.958,419.3,0.566,,
Sunday,12/18/2016 12:00:00 AM,,,,,,,,,,,,,,,,,,,
Monday,12/19/2016 12:00:00 AM,9,564.9,11,22-Dec,215.7,18.2,410,50,1080,62.77,59,57,1776.3,,0.904,395.4,0.534,,
Tuesday,12/20/2016 12:00:00 AM,,,,,,,,,,,,,,,,,,,
Wednesday,12/21/2016 12:00:00 AM,,,,,,,,,,,,,,,,,,,
Thursday,12/22/2016 12:00:00 AM,8,596.3,11,25-Dec,224.5,43,360,60,960,74.54,55,56,,,0.954,417.4,0.564,,
Friday,12/23/2016 12:00:00 AM,,,,,,,,,,,,,,463.5,,,,,
Saturday,12/24/2016 12:00:00 AM,,,,,,,,,,,,,,,,,,,
Sunday,12/25/2016 12:00:00 AM,8,572.5,11,31-Dec,257.6,24.1,360,30,960,71.56,51,59,,,0.916,400.8,0.541,,
Monday,12/26/2016 12:00:00 AM,,,,,,,,,,,,,1733.7,,,,,,
Tuesday,12/27/2016 12:00:00 AM,,,,,,,,,,,,,,,,,,,
Wednesday,12/28/2016 12:00:00 AM,,,,,,,,,,,,,,,,,,,
Thursday,12/29/2016 12:00:00 AM,,,,,,,,,,,,,,,,,,,
Friday,12/30/2016 12:00:00 AM,,,,,,,,,,,,,,482.1,,,,,
Saturday,12/31/2016 12:00:00 AM,9,567.1,11,1-Jan,213.3,18.3,340,25,1080,63.01,59,66,567.1,213.3,0.907,397,0.536,8267.7,2983.3
